pp-content-2734,https://pp-brightcove-source.s3.amazonaws.com/pp-raw-content-246.mp4
pp-content-2773,https://pp-brightcove-source.s3.amazonaws.com/pp-raw-content-756.mp4
pp-content-2771,https://pp-brightcove-source.s3.amazonaws.com/pp-raw-content-480.mp4
pp-content-3230,https://pp-brightcove-source.s3.amazonaws.com/pp-raw-content-690.mp4
pp-content-3232,https://pp-brightcove-source.s3.amazonaws.com/pp-raw-content-697.mp4
pp-content-2775,https://pp-brightcove-source.s3.amazonaws.com/pp-raw-content-759.mp4
pp-content-3031,https://pp-brightcove-source.s3.amazonaws.com/pp-raw-content-425.mp4
pp-content-3037,https://pp-brightcove-source.s3.amazonaws.com/pp-raw-content-426.mp4
pp-content-3035,https://pp-brightcove-source.s3.amazonaws.com/pp-raw-content-228.mp4
pp-content-3133,https://pp-brightcove-source.s3.amazonaws.com/pp-raw-content-639.mp4
pp-content-2740,https://pp-brightcove-source.s3.amazonaws.com/pp-raw-content-249.mp4
pp-content-3137,https://pp-brightcove-source.s3.amazonaws.com/pp-raw-content-640.mp4
pp-content-2760,https://pp-brightcove-source.s3.amazonaws.com/pp-raw-content-475.mp4
pp-content-2746,https://pp-brightcove-source.s3.amazonaws.com/pp-raw-content-289.mp4
pp-content-2970,https://pp-brightcove-source.s3.amazonaws.com/pp-raw-content-258.mp4
pp-content-2972,https://pp-brightcove-source.s3.amazonaws.com/pp-raw-content-1285.mp4
pp-content-2974,https://pp-brightcove-source.s3.amazonaws.com/pp-raw-content-1284.mp4
pp-content-2976,https://pp-brightcove-source.s3.amazonaws.com/pp-raw-content-201.mp4
pp-content-2744,https://pp-brightcove-source.s3.amazonaws.com/pp-raw-content-287.mp4
pp-content-3121,https://pp-brightcove-source.s3.amazonaws.com/pp-raw-content-456.mp4
pp-content-3167,https://pp-brightcove-source.s3.amazonaws.com/pp-raw-content-663.mp4
pp-content-2823,https://pp-brightcove-source.s3.amazonaws.com/pp-raw-content-505.mp4
pp-content-3201,https://pp-brightcove-source.s3.amazonaws.com/pp-raw-content-687.mp4
pp-content-3202,https://pp-brightcove-source.s3.amazonaws.com/pp-raw-content-671.mp4
pp-content-3204,https://pp-brightcove-source.s3.amazonaws.com/pp-raw-content-682.mp4
pp-content-3206,https://pp-brightcove-source.s3.amazonaws.com/pp-raw-content-683.mp4
pp-content-3208,https://pp-brightcove-source.s3.amazonaws.com/pp-raw-content-689.mp4
pp-content-3769,https://pp-brightcove-source.s3.amazonaws.com/pp-raw-content-897.mp4
pp-content-2948,https://pp-brightcove-source.s3.amazonaws.com/pp-raw-content-454.mp4
pp-content-3288,https://pp-brightcove-source.s3.amazonaws.com/pp-raw-content-698.mp4
pp-content-3123,https://pp-brightcove-source.s3.amazonaws.com/pp-raw-content-626.mp4
pp-content-3125,https://pp-brightcove-source.s3.amazonaws.com/pp-raw-content-610.mp4
pp-content-3049,https://pp-brightcove-source.s3.amazonaws.com/pp-raw-content-619.mp4
pp-content-3047,https://pp-brightcove-source.s3.amazonaws.com/pp-raw-content-431.mp4
pp-content-3129,https://pp-brightcove-source.s3.amazonaws.com/pp-raw-content-243.mp4
pp-content-3045,https://pp-brightcove-source.s3.amazonaws.com/pp-raw-content-224.mp4
pp-content-2946,https://pp-brightcove-source.s3.amazonaws.com/pp-raw-content-453.mp4
pp-content-3043,https://pp-brightcove-source.s3.amazonaws.com/pp-raw-content-429.mp4
pp-content-2940,https://pp-brightcove-source.s3.amazonaws.com/pp-raw-content-452.mp4
pp-content-3041,https://pp-brightcove-source.s3.amazonaws.com/pp-raw-content-226.mp4
pp-content-2942,https://pp-brightcove-source.s3.amazonaws.com/pp-raw-content-141.mp4
pp-content-3039,https://pp-brightcove-source.s3.amazonaws.com/pp-raw-content-427.mp4
pp-content-2944,https://pp-brightcove-source.s3.amazonaws.com/pp-raw-content-142.mp4
pp-content-2787,https://pp-brightcove-source.s3.amazonaws.com/pp-raw-content-495.mp4
pp-content-2785,https://pp-brightcove-source.s3.amazonaws.com/pp-raw-content-494.mp4
pp-content-2783,https://pp-brightcove-source.s3.amazonaws.com/pp-raw-content-492.mp4
pp-content-2781,https://pp-brightcove-source.s3.amazonaws.com/pp-raw-content-491.mp4
pp-content-3195,https://pp-brightcove-source.s3.amazonaws.com/pp-raw-content-679.mp4
pp-content-3197,https://pp-brightcove-source.s3.amazonaws.com/pp-raw-content-681.mp4
pp-content-3008,https://pp-brightcove-source.s3.amazonaws.com/pp-raw-content-234.mp4
pp-content-3191,https://pp-brightcove-source.s3.amazonaws.com/pp-raw-content-677.mp4
pp-content-3218,https://pp-brightcove-source.s3.amazonaws.com/pp-raw-content-691.mp4
pp-content-2841,https://pp-brightcove-source.s3.amazonaws.com/pp-raw-content-592.mp4
pp-content-3216,https://pp-brightcove-source.s3.amazonaws.com/pp-raw-content-686.mp4
pp-content-3214,https://pp-brightcove-source.s3.amazonaws.com/pp-raw-content-672.mp4
pp-content-3212,https://pp-brightcove-source.s3.amazonaws.com/pp-raw-content-673.mp4
pp-content-3210,https://pp-brightcove-source.s3.amazonaws.com/pp-raw-content-684.mp4
pp-content-2898,https://pp-brightcove-source.s3.amazonaws.com/pp-raw-content-394.mp4
pp-content-3119,https://pp-brightcove-source.s3.amazonaws.com/pp-raw-content-457.mp4
pp-content-3117,https://pp-brightcove-source.s3.amazonaws.com/pp-raw-content-130.mp4
pp-content-3111,https://pp-brightcove-source.s3.amazonaws.com/pp-raw-content-358.mp4
pp-content-2896,https://pp-brightcove-source.s3.amazonaws.com/pp-raw-content-395.mp4
pp-content-2894,https://pp-brightcove-source.s3.amazonaws.com/pp-raw-content-107.mp4
pp-content-2958,https://pp-brightcove-source.s3.amazonaws.com/pp-raw-content-198.mp4
pp-content-2779,https://pp-brightcove-source.s3.amazonaws.com/pp-raw-content-755.mp4
pp-content-3059,https://pp-brightcove-source.s3.amazonaws.com/pp-raw-content-464.mp4
pp-content-3755,https://pp-brightcove-source.s3.amazonaws.com/pp-raw-content-887.mp4
pp-content-2952,https://pp-brightcove-source.s3.amazonaws.com/pp-raw-content-455.mp4
pp-content-3055,https://pp-brightcove-source.s3.amazonaws.com/pp-raw-content-434.mp4
pp-content-3759,https://pp-brightcove-source.s3.amazonaws.com/pp-raw-content-891.mp4
pp-content-3057,https://pp-brightcove-source.s3.amazonaws.com/pp-raw-content-465.mp4
pp-content-2956,https://pp-brightcove-source.s3.amazonaws.com/pp-raw-content-138.mp4
pp-content-3051,https://pp-brightcove-source.s3.amazonaws.com/pp-raw-content-468.mp4
pp-content-2954,https://pp-brightcove-source.s3.amazonaws.com/pp-raw-content-1287.mp4
pp-content-3053,https://pp-brightcove-source.s3.amazonaws.com/pp-raw-content-466.mp4
pp-content-2813,https://pp-brightcove-source.s3.amazonaws.com/pp-raw-content-746.mp4
pp-content-2811,https://pp-brightcove-source.s3.amazonaws.com/pp-raw-content-763.mp4
pp-content-2799,https://pp-brightcove-source.s3.amazonaws.com/pp-raw-content-498.mp4
pp-content-2815,https://pp-brightcove-source.s3.amazonaws.com/pp-raw-content-738.mp4
pp-content-2819,https://pp-brightcove-source.s3.amazonaws.com/pp-raw-content-597.mp4
pp-content-2797,https://pp-brightcove-source.s3.amazonaws.com/pp-raw-content-497.mp4
pp-content-3183,https://pp-brightcove-source.s3.amazonaws.com/pp-raw-content-661.mp4
pp-content-3181,https://pp-brightcove-source.s3.amazonaws.com/pp-raw-content-650.mp4
pp-content-3187,https://pp-brightcove-source.s3.amazonaws.com/pp-raw-content-654.mp4
pp-content-3185,https://pp-brightcove-source.s3.amazonaws.com/pp-raw-content-652.mp4
pp-content-3189,https://pp-brightcove-source.s3.amazonaws.com/pp-raw-content-676.mp4
pp-content-2882,https://pp-brightcove-source.s3.amazonaws.com/pp-raw-content-90.mp4
pp-content-2886,https://pp-brightcove-source.s3.amazonaws.com/pp-raw-content-93.mp4
pp-content-3105,https://pp-brightcove-source.s3.amazonaws.com/pp-raw-content-359.mp4
pp-content-3069,https://pp-brightcove-source.s3.amazonaws.com/pp-raw-content-309.mp4
pp-content-3741,https://pp-brightcove-source.s3.amazonaws.com/pp-raw-content-875.mp4
pp-content-3745,https://pp-brightcove-source.s3.amazonaws.com/pp-raw-content-880.mp4
pp-content-3747,https://pp-brightcove-source.s3.amazonaws.com/pp-raw-content-881.mp4
pp-content-3061,https://pp-brightcove-source.s3.amazonaws.com/pp-raw-content-463.mp4
pp-content-3063,https://pp-brightcove-source.s3.amazonaws.com/pp-raw-content-206.mp4
pp-content-3065,https://pp-brightcove-source.s3.amazonaws.com/pp-raw-content-462.mp4
pp-content-2767,https://pp-brightcove-source.s3.amazonaws.com/pp-raw-content-478.mp4
pp-content-3067,https://pp-brightcove-source.s3.amazonaws.com/pp-raw-content-461.mp4
pp-content-2835,https://pp-brightcove-source.s3.amazonaws.com/pp-raw-content-508.mp4
pp-content-2803,https://pp-brightcove-source.s3.amazonaws.com/pp-raw-content-251.mp4
pp-content-2805,https://pp-brightcove-source.s3.amazonaws.com/pp-raw-content-734.mp4
pp-content-2928,https://pp-brightcove-source.s3.amazonaws.com/pp-raw-content-109.mp4
pp-content-2926,https://pp-brightcove-source.s3.amazonaws.com/pp-raw-content-110.mp4
pp-content-2924,https://pp-brightcove-source.s3.amazonaws.com/pp-raw-content-112.mp4
pp-content-2922,https://pp-brightcove-source.s3.amazonaws.com/pp-raw-content-145.mp4
pp-content-3222,https://pp-brightcove-source.s3.amazonaws.com/pp-raw-content-674.mp4
pp-content-2831,https://pp-brightcove-source.s3.amazonaws.com/pp-raw-content-506.mp4
pp-content-3272,https://pp-brightcove-source.s3.amazonaws.com/pp-raw-content-700.mp4
pp-content-3779,https://pp-brightcove-source.s3.amazonaws.com/pp-raw-content-901.mp4
pp-content-2833,https://pp-brightcove-source.s3.amazonaws.com/pp-raw-content-507.mp4
pp-content-2738,https://pp-brightcove-source.s3.amazonaws.com/pp-raw-content-248.mp4
pp-content-3775,https://pp-brightcove-source.s3.amazonaws.com/pp-raw-content-899.mp4
pp-content-3777,https://pp-brightcove-source.s3.amazonaws.com/pp-raw-content-900.mp4
pp-content-3771,https://pp-brightcove-source.s3.amazonaws.com/pp-raw-content-896.mp4
pp-content-3773,https://pp-brightcove-source.s3.amazonaws.com/pp-raw-content-898.mp4
pp-content-3077,https://pp-brightcove-source.s3.amazonaws.com/pp-raw-content-304.mp4
pp-content-3075,https://pp-brightcove-source.s3.amazonaws.com/pp-raw-content-459.mp4
pp-content-3193,https://pp-brightcove-source.s3.amazonaws.com/pp-raw-content-678.mp4
pp-content-3179,https://pp-brightcove-source.s3.amazonaws.com/pp-raw-content-660.mp4
pp-content-3071,https://pp-brightcove-source.s3.amazonaws.com/pp-raw-content-460.mp4
pp-content-3177,https://pp-brightcove-source.s3.amazonaws.com/pp-raw-content-659.mp4
pp-content-2769,https://pp-brightcove-source.s3.amazonaws.com/pp-raw-content-479.mp4
pp-content-2837,https://pp-brightcove-source.s3.amazonaws.com/pp-raw-content-509.mp4
pp-content-3173,https://pp-brightcove-source.s3.amazonaws.com/pp-raw-content-655.mp4
pp-content-3171,https://pp-brightcove-source.s3.amazonaws.com/pp-raw-content-665.mp4
pp-content-3079,https://pp-brightcove-source.s3.amazonaws.com/pp-raw-content-620.mp4
pp-content-2934,https://pp-brightcove-source.s3.amazonaws.com/pp-raw-content-108.mp4
pp-content-2936,https://pp-brightcove-source.s3.amazonaws.com/pp-raw-content-451.mp4
pp-content-3000,https://pp-brightcove-source.s3.amazonaws.com/pp-raw-content-318.mp4
pp-content-2930,https://pp-brightcove-source.s3.amazonaws.com/pp-raw-content-144.mp4
pp-content-2932,https://pp-brightcove-source.s3.amazonaws.com/pp-raw-content-450.mp4
pp-content-3244,https://pp-brightcove-source.s3.amazonaws.com/pp-raw-content-710.mp4
pp-content-3089,https://pp-brightcove-source.s3.amazonaws.com/pp-raw-content-623.mp4
pp-content-3246,https://pp-brightcove-source.s3.amazonaws.com/pp-raw-content-711.mp4
pp-content-3083,https://pp-brightcove-source.s3.amazonaws.com/pp-raw-content-301.mp4
pp-content-3199,https://pp-brightcove-source.s3.amazonaws.com/pp-raw-content-688.mp4
pp-content-3081,https://pp-brightcove-source.s3.amazonaws.com/pp-raw-content-621.mp4
pp-content-3087,https://pp-brightcove-source.s3.amazonaws.com/pp-raw-content-622.mp4
pp-content-3248,https://pp-brightcove-source.s3.amazonaws.com/pp-raw-content-713.mp4
pp-content-3085,https://pp-brightcove-source.s3.amazonaws.com/pp-raw-content-299.mp4
pp-content-2748,https://pp-brightcove-source.s3.amazonaws.com/pp-raw-content-290.mp4
pp-content-3763,https://pp-brightcove-source.s3.amazonaws.com/pp-raw-content-893.mp4
pp-content-3761,https://pp-brightcove-source.s3.amazonaws.com/pp-raw-content-892.mp4
pp-content-3767,https://pp-brightcove-source.s3.amazonaws.com/pp-raw-content-895.mp4
pp-content-3765,https://pp-brightcove-source.s3.amazonaws.com/pp-raw-content-894.mp4
pp-content-2980,https://pp-brightcove-source.s3.amazonaws.com/pp-raw-content-202.mp4
pp-content-2982,https://pp-brightcove-source.s3.amazonaws.com/pp-raw-content-239.mp4
pp-content-2984,https://pp-brightcove-source.s3.amazonaws.com/pp-raw-content-1298.mp4
pp-content-3004,https://pp-brightcove-source.s3.amazonaws.com/pp-raw-content-236.mp4
pp-content-3165,https://pp-brightcove-source.s3.amazonaws.com/pp-raw-content-662.mp4
pp-content-2821,https://pp-brightcove-source.s3.amazonaws.com/pp-raw-content-208.mp4
pp-content-3161,https://pp-brightcove-source.s3.amazonaws.com/pp-raw-content-656.mp4
pp-content-3163,https://pp-brightcove-source.s3.amazonaws.com/pp-raw-content-657.mp4
pp-content-2908,https://pp-brightcove-source.s3.amazonaws.com/pp-raw-content-115.mp4
pp-content-3006,https://pp-brightcove-source.s3.amazonaws.com/pp-raw-content-317.mp4
pp-content-2902,https://pp-brightcove-source.s3.amazonaws.com/pp-raw-content-392.mp4
pp-content-2904,https://pp-brightcove-source.s3.amazonaws.com/pp-raw-content-529.mp4
pp-content-2742,https://pp-brightcove-source.s3.amazonaws.com/pp-raw-content-250.mp4
pp-content-2906,https://pp-brightcove-source.s3.amazonaws.com/pp-raw-content-608.mp4
pp-content-3099,https://pp-brightcove-source.s3.amazonaws.com/pp-raw-content-360.mp4
pp-content-3250,https://pp-brightcove-source.s3.amazonaws.com/pp-raw-content-714.mp4
pp-content-3091,https://pp-brightcove-source.s3.amazonaws.com/pp-raw-content-624.mp4
pp-content-3093,https://pp-brightcove-source.s3.amazonaws.com/pp-raw-content-371.mp4
pp-content-3095,https://pp-brightcove-source.s3.amazonaws.com/pp-raw-content-362.mp4
pp-content-2750,https://pp-brightcove-source.s3.amazonaws.com/pp-raw-content-293.mp4
pp-content-2986,https://pp-brightcove-source.s3.amazonaws.com/pp-raw-content-203.mp4
pp-content-2998,https://pp-brightcove-source.s3.amazonaws.com/pp-raw-content-205.mp4
pp-content-2996,https://pp-brightcove-source.s3.amazonaws.com/pp-raw-content-321.mp4
pp-content-2752,https://pp-brightcove-source.s3.amazonaws.com/pp-raw-content-294.mp4
pp-content-2992,https://pp-brightcove-source.s3.amazonaws.com/pp-raw-content-325.mp4
pp-content-2994,https://pp-brightcove-source.s3.amazonaws.com/pp-raw-content-204.mp4
pp-content-2990,https://pp-brightcove-source.s3.amazonaws.com/pp-raw-content-237.mp4
pp-content-3010,https://pp-brightcove-source.s3.amazonaws.com/pp-raw-content-316.mp4
pp-content-3015,https://pp-brightcove-source.s3.amazonaws.com/pp-raw-content-267.mp4
pp-content-2801,https://pp-brightcove-source.s3.amazonaws.com/pp-raw-content-499.mp4
pp-content-3151,https://pp-brightcove-source.s3.amazonaws.com/pp-raw-content-647.mp4
pp-content-2754,https://pp-brightcove-source.s3.amazonaws.com/pp-raw-content-490.mp4
pp-content-3153,https://pp-brightcove-source.s3.amazonaws.com/pp-raw-content-648.mp4
pp-content-3155,https://pp-brightcove-source.s3.amazonaws.com/pp-raw-content-649.mp4
pp-content-2916,https://pp-brightcove-source.s3.amazonaws.com/pp-raw-content-384.mp4
pp-content-2914,https://pp-brightcove-source.s3.amazonaws.com/pp-raw-content-114.mp4
pp-content-2912,https://pp-brightcove-source.s3.amazonaws.com/pp-raw-content-387.mp4
pp-content-2756,https://pp-brightcove-source.s3.amazonaws.com/pp-raw-content-296.mp4
pp-content-2918,https://pp-brightcove-source.s3.amazonaws.com/pp-raw-content-146.mp4
pp-content-2730,https://pp-brightcove-source.s3.amazonaws.com/pp-raw-content-207.mp4
pp-content-2807,https://pp-brightcove-source.s3.amazonaws.com/pp-raw-content-486.mp4
pp-content-2765,https://pp-brightcove-source.s3.amazonaws.com/pp-raw-content-768.mp4
pp-content-3785,https://pp-brightcove-source.s3.amazonaws.com/pp-raw-content-905.mp4
pp-content-3226,https://pp-brightcove-source.s3.amazonaws.com/pp-raw-content-692.mp4
pp-content-3224,https://pp-brightcove-source.s3.amazonaws.com/pp-raw-content-675.mp4
pp-content-3029,https://pp-brightcove-source.s3.amazonaws.com/pp-raw-content-229.mp4
pp-content-3781,https://pp-brightcove-source.s3.amazonaws.com/pp-raw-content-903.mp4
pp-content-2763,https://pp-brightcove-source.s3.amazonaws.com/